{"cameraMode":{"drawMode":0,"name":"Shaded","section":"Shading Mode"},"sceneLighting":true,"audioPlay":false,"sceneViewState":{"showFog":true,"showMaterialUpdate":false,"showSkybox":false,"showFlares":true,"showImageEffects":true,"showParticleSystems":true},"in2DMode":false,"pivot":{"x":3.260999917984009,"y":2.7094998359680177,"z":-3.073000907897949},"rotation":{"x":0.13696017861366273,"y":0.7280763387680054,"z":-0.15245476365089417,"w":0.6541749238967896},"size":14.076431274414063,"orthographic":false}