{"cameraMode":{"drawMode":0,"name":"Shaded","section":"Shading Mode"},"sceneLighting":true,"audioPlay":false,"sceneViewState":{"showFog":true,"showMaterialUpdate":false,"showSkybox":true,"showFlares":true,"showImageEffects":true,"showParticleSystems":true},"in2DMode":false,"pivot":{"x":73.3361587524414,"y":12.3256254196167,"z":111.41657257080078},"rotation":{"x":0.0667906329035759,"y":-0.792046070098877,"z":-0.0891396701335907,"w":-0.6004329919815064},"size":41.489540100097659,"orthographic":false}