{"cameraMode":{"drawMode":0,"name":"Shaded","section":"Shading Mode"},"sceneLighting":true,"audioPlay":false,"sceneViewState":{"showFog":true,"showMaterialUpdate":false,"showSkybox":true,"showFlares":true,"showImageEffects":true,"showParticleSystems":true},"in2DMode":false,"pivot":{"x":72.55645751953125,"y":0.7572922110557556,"z":65.2486572265625},"rotation":{"x":-0.049430571496486667,"y":0.295408695936203,"z":-0.015766674652695657,"w":-0.9540920853614807},"size":6.757237911224365,"orthographic":false}