{"cameraMode":{"drawMode":0,"name":"Shaded","section":"Shading Mode"},"sceneLighting":true,"audioPlay":false,"sceneViewState":{"showFog":true,"showMaterialUpdate":false,"showSkybox":false,"showFlares":true,"showImageEffects":true,"showParticleSystems":true},"in2DMode":false,"pivot":{"x":3.260999917984009,"y":2.7094998359680177,"z":-3.073000907897949},"rotation":{"x":0.053155675530433658,"y":0.09006485342979431,"z":-0.00482533872127533,"w":0.994525134563446},"size":56.401084899902347,"orthographic":false}