{"cameraMode":{"drawMode":0,"name":"Shaded","section":"Shading Mode"},"sceneLighting":true,"audioPlay":false,"sceneViewState":{"showFog":true,"showMaterialUpdate":false,"showSkybox":true,"showFlares":true,"showImageEffects":true,"showParticleSystems":true},"in2DMode":false,"pivot":{"x":84.89836883544922,"y":1.0792211294174195,"z":76.45014190673828},"rotation":{"x":-0.2816086411476135,"y":0.1967528909444809,"z":-0.059487249702215198,"w":-0.9374441504478455},"size":8.446588516235352,"orthographic":false}