{"cameraMode":{"drawMode":0,"name":"Shaded","section":"Shading Mode"},"sceneLighting":true,"audioPlay":false,"sceneViewState":{"showFog":true,"showMaterialUpdate":false,"showSkybox":true,"showFlares":true,"showImageEffects":true,"showParticleSystems":true},"in2DMode":false,"pivot":{"x":104.75733184814453,"y":14.466066360473633,"z":54.18527603149414},"rotation":{"x":0.011348217725753785,"y":0.9749261736869812,"z":-0.2163749486207962,"w":0.05121626332402229},"size":5.4284257888793949,"orthographic":false}