{"cameraMode":{"drawMode":0,"name":"Shaded","section":"Shading Mode"},"sceneLighting":true,"audioPlay":false,"sceneViewState":{"showFog":true,"showMaterialUpdate":false,"showSkybox":true,"showFlares":true,"showImageEffects":true,"showParticleSystems":true},"in2DMode":false,"pivot":{"x":131.1927490234375,"y":39.55239486694336,"z":146.22032165527345},"rotation":{"x":0.03947720676660538,"y":-0.9374614953994751,"z":0.11397431790828705,"w":0.3268364667892456},"size":33.88652420043945,"orthographic":false}