{"cameraMode":{"drawMode":0,"name":"Shaded","section":"Shading Mode"},"sceneLighting":false,"audioPlay":false,"sceneViewState":{"showFog":true,"showMaterialUpdate":false,"showSkybox":false,"showFlares":true,"showImageEffects":true,"showParticleSystems":true},"in2DMode":false,"pivot":{"x":105.56394958496094,"y":14.39232349395752,"z":68.05558013916016},"rotation":{"x":0.012030827812850476,"y":0.9826831817626953,"z":0.06909957528114319,"w":-0.1721028834581375},"size":22.0,"orthographic":false}