{"cameraMode":{"drawMode":0,"name":"Shaded","section":"Shading Mode"},"sceneLighting":false,"audioPlay":false,"sceneViewState":{"showFog":true,"showMaterialUpdate":false,"showSkybox":false,"showFlares":true,"showImageEffects":true,"showParticleSystems":true},"in2DMode":false,"pivot":{"x":-126.723388671875,"y":-24.914745330810548,"z":-44.92768859863281},"rotation":{"x":-0.0552213229238987,"y":0.8148823380470276,"z":-0.07872439920902252,"w":-0.5716004371643066},"size":143.30572509765626,"orthographic":false}