{"cameraMode":{"drawMode":0,"name":"Shaded","section":"Shading Mode"},"sceneLighting":false,"audioPlay":false,"sceneViewState":{"showFog":true,"showMaterialUpdate":false,"showSkybox":false,"showFlares":true,"showImageEffects":true,"showParticleSystems":true},"in2DMode":false,"pivot":{"x":99.49437713623047,"y":10.087167739868164,"z":29.70879554748535},"rotation":{"x":0.3167426884174347,"y":-0.6502676606178284,"z":0.34205806255340578,"w":0.6003533005714417},"size":1.9670140743255616,"orthographic":false}