{"cameraMode":{"drawMode":0,"name":"Shaded","section":"Shading Mode"},"sceneLighting":false,"audioPlay":false,"sceneViewState":{"showFog":true,"showMaterialUpdate":false,"showSkybox":false,"showFlares":true,"showImageEffects":true,"showParticleSystems":true},"in2DMode":false,"pivot":{"x":35.93892288208008,"y":1.4433763027191163,"z":141.0524444580078},"rotation":{"x":-0.08999935537576676,"y":-0.06627250462770462,"z":0.0059409793466329578,"w":-0.9938068389892578},"size":28.649723052978517,"orthographic":false}