{"cameraMode":{"drawMode":0,"name":"Shaded","section":"Shading Mode"},"sceneLighting":false,"audioPlay":false,"sceneViewState":{"showFog":true,"showMaterialUpdate":false,"showSkybox":false,"showFlares":true,"showImageEffects":true,"showParticleSystems":true},"in2DMode":false,"pivot":{"x":71.2690658569336,"y":-9.163021087646485,"z":13.430007934570313},"rotation":{"x":-0.04997288063168526,"y":0.9493255019187927,"z":-0.2371724545955658,"w":-0.2002585083246231},"size":80.44345092773438,"orthographic":false}